ID	P_QR	P_QR0.1	P_QR0.2	P_QR0.3	P_QR0.4	P_QR0.5	P_QR0.6	P_QR0.7	P_QR0.8	P_QR0.9
1-55505447-C-T_C	0.847576512071934	0.556287816398741	0.51404697406003	0.83728962111353	0.343801298460541	0.281300284908438	0.459991617932956	0.391081325159446	0.24093715044778	0.982552977771431
1-55505647-G-T_G	0.0000000000000000000000000000000000000000000552217763369298	0.12094297258259	0.0200112192612769	0.0021438764128458	0.000133029590148922	0.000002652577562086	0.00000000932199129984675	0.00000000000100156297485569	0.00000000000000000000805496172396636	0.00000000000000000000000000000000000000000000613575292632554
1-55505668-C-T_C	0.545565348147343	0.286888150866749	0.369543727289595	0.755885183682605	0.560918305747776	0.414490660239465	0.574163055715546	0.440608600440859	0.338341008254015	0.857051769902505
1-55505732-A-G_A	0.832945584539505	0.307477319753637	0.67365391363933	0.92025484580652	0.850234146100863	0.871340061209979	0.909333433725568	0.648588309480518	0.925497875604309	0.306405056681766
1-55505804-T-A_T	0.815563176274155	0.518981895964178	0.924726168248755	0.887598734329531	0.547378842221003	0.826150441709975	0.865674432805485	0.872669742127034	0.68276092657441	0.436335459664226
1-55505861-G-A_G	0.0614231506725693	0.103487866414189	0.0499826034080757	0.52913726613857	0.799302024213574	0.468032568554638	0.889101575606385	0.338699019434122	0.854199204494812	0.00751216430848161
1-55505926-C-T_C	0.699002002388286	0.573463982776158	0.540222081383868	0.883269973164189	0.302259157169107	0.237755158121076	0.389780942263864	0.313281851808366	0.255478140273628	0.956769204738691
1-55506103-C-G_C	0.699002002388286	0.573463982776158	0.540222081383868	0.883269973164189	0.302259157169107	0.237755158121076	0.389780942263864	0.313281851808366	0.255478140273628	0.956769204738691
1-55507314-G-A_G	0.808686060373347	0.570140301160353	0.68905366798359	0.446583330466082	0.535069522431299	0.462540246994795	0.510942682823145	0.924864024387024	0.964095247272948	0.324341344266651
1-55507356-A-C_A	0.815563176274155	0.518981895964178	0.924726168248755	0.887598734329531	0.547378842221003	0.826150441709975	0.865674432805485	0.872669742127034	0.68276092657441	0.436335459664226
