ID	P QR	P QR 0.1	P QR 0.2	P QR 0.3	P QR 0.4	P QR 0.5	P QR 0.6	P QR 0.7	P QR 0.8	P QR 0.9
1-55505447-C-T_C	0.598459146186661	0.230624162827781	0.672686722285778	0.692836121278719	0.820815745844601	0.873384478487507	0.5810921413176	0.17584677846115	0.80000654887042	0.212443436300417
1-55505647-G-T_G	0.000000000167506599698357	0.398798285015435	0.0770161023704319	0.00980321154339573	0.013242248295147	0.000786376153800387	0.0000881925603552237	0.00000235836181841226	0.0000000000416663216906258	0.0000000000336375709128439
1-55505668-C-T_C	0.713331204346818	0.168710559886508	0.666742904995463	0.577686290609866	0.968554627190797	0.657988043150496	0.321031601992239	0.138697426660251	0.623445183887352	0.422439838504105
1-55505732-A-G_A	0.628139792393317	0.646271723157452	0.491187356259604	0.477322414868059	0.883673431403382	0.646271723157453	0.274797437468025	0.697852140561903	0.491187356259604	0.646271723157448
1-55505804-T-A_T	0.660834995303548	0.925489643654285	0.926881419733433	0.887611932258667	0.806771750972089	0.839179326855822	0.484890008934661	0.20339463332345	0.343535027280187	0.0420588918833867
1-55505861-G-A_G	0.638127587442418	0.355190245112848	0.726713051903778	0.722131490702364	0.901178716545414	0.32461187029412	0.798144449216907	0.805208320954124	0.324611870294121	0.168055375463075
1-55505926-C-T_C	0.565384867175169	0.237913639173085	0.703583131440608	0.64570546618056	0.878259323173084	0.799759219655151	0.502249248737361	0.131264394237894	0.703583131440607	0.32622143211187
1-55506103-C-G_C	0.570245746098372	0.207219662100567	0.833963678205373	0.608103216906226	0.878259323173084	0.799759219655151	0.502249248737361	0.118245335713084	0.659024418624548	0.32622143211187
1-55507314-G-A_G	0.896998836695843	0.880589559850907	0.719730251868559	0.982518342724949	0.856770700918171	0.78948994810455	0.535291647116496	0.801654534442608	0.562002849289451	0.570431057092633
1-55507356-A-C_A	0.657473356585768	0.925489643654285	0.926881419733433	0.887611932258667	0.791473353380796	0.839179326855822	0.484890008934661	0.211019524973948	0.331319361094583	0.0420588918833867
